Variable1,Variable2,Correlation
CRIM,CRIM,1.0
ZN,CRIM,-0.2004692196625474
INDUS,CRIM,0.4065834114062594
CHAS,CRIM,-0.0558915822222415
NOX,CRIM,0.4209717113924554
RM,CRIM,-0.219246702862513
AGE,CRIM,0.3527342509013634
DIS,CRIM,-0.3796700869510246
RAD,CRIM,0.6255051452626024
TAX,CRIM,0.5827643120325854
PTRATIO,CRIM,0.2899455792795226
B,CRIM,-0.3850639419942239
LSTAT,CRIM,0.4556214794479463
PRICE,CRIM,-0.3883046085868115
YEAR,CRIM,-0.0282141315853622
PRICE_ADJ,CRIM,-0.3962121973345248
PREDICTED_PRICE,CRIM,-0.4786556435573618
CRIM,ZN,-0.2004692196625474
ZN,ZN,1.0
INDUS,ZN,-0.5338281863044696
CHAS,ZN,-0.0426967192961216
NOX,ZN,-0.5166037078279843
RM,ZN,0.3119905873740904
AGE,ZN,-0.5695373420992109
DIS,ZN,0.6644082227621105
RAD,ZN,-0.3119478260185367
TAX,ZN,-0.3145633246775997
PTRATIO,ZN,-0.3916785479362161
B,ZN,0.1755203173828273
LSTAT,ZN,-0.4129945745270028
PRICE,ZN,0.3604453424505433
YEAR,ZN,0.0221229820009371
PRICE_ADJ,ZN,0.3469041368078245
PREDICTED_PRICE,ZN,0.3748617474958762
CRIM,INDUS,0.4065834114062594
ZN,INDUS,-0.5338281863044696
INDUS,INDUS,1.0
CHAS,INDUS,0.0629380274896651
NOX,INDUS,0.7636514469209139
RM,INDUS,-0.3916758526568427
AGE,INDUS,0.6447785113552554
DIS,INDUS,-0.7080269887427675
RAD,INDUS,0.5951292746038485
TAX,INDUS,0.7207601799515422
PTRATIO,INDUS,0.3832475564288893
B,INDUS,-0.3569765351041928
LSTAT,INDUS,0.603799716476621
PRICE,INDUS,-0.4837251600283727
YEAR,INDUS,0.0238170320082409
PRICE_ADJ,INDUS,-0.4751539886170401
PREDICTED_PRICE,INDUS,-0.5397420546474675
CRIM,CHAS,-0.0558915822222415
ZN,CHAS,-0.0426967192961216
INDUS,CHAS,0.0629380274896651
CHAS,CHAS,1.0
NOX,CHAS,0.0912028068424955
RM,CHAS,0.0912512250434567
AGE,CHAS,0.0865177742545432
DIS,CHAS,-0.0991757801747279
RAD,CHAS,-0.0073682408860775
TAX,CHAS,-0.0355865175859114
PTRATIO,CHAS,-0.1215151736580622
B,CHAS,0.0487884849551664
LSTAT,CHAS,-0.0539292983756942
PRICE,CHAS,0.1752601771902986
YEAR,CHAS,0.0254124139632063
PRICE_ADJ,CHAS,0.1777034788314727
PREDICTED_PRICE,CHAS,0.2033012563348209
CRIM,NOX,0.4209717113924554
ZN,NOX,-0.5166037078279843
INDUS,NOX,0.7636514469209139
CHAS,NOX,0.0912028068424955
NOX,NOX,1.0
RM,NOX,-0.3021881878495924
AGE,NOX,0.7314701037859592
DIS,NOX,-0.7692301132258282
RAD,NOX,0.6114405634855762
TAX,NOX,0.6680232004030217
PTRATIO,NOX,0.1889326771127688
B,NOX,-0.3800506377924
LSTAT,NOX,0.5908789208808451
PRICE,NOX,-0.427320772373282
YEAR,NOX,0.0059787286269049
PRICE_ADJ,NOX,-0.4123076353977265
PREDICTED_PRICE,NOX,-0.4765876749784406
CRIM,RM,-0.219246702862513
ZN,RM,0.3119905873740904
INDUS,RM,-0.3916758526568427
CHAS,RM,0.0912512250434567
NOX,RM,-0.3021881878495924
RM,RM,1.0
AGE,RM,-0.2402649310477506
DIS,RM,0.2052462129300541
RAD,RM,-0.2098466677661083
TAX,RM,-0.2920478326232189
PTRATIO,RM,-0.3555014945590852
B,RM,0.1280686350925421
LSTAT,RM,-0.6138082718663955
PRICE,RM,0.6953599470715401
YEAR,RM,-0.0358712616824629
PRICE_ADJ,RM,0.681663155931647
PREDICTED_PRICE,RM,0.8185021373249264
CRIM,AGE,0.3527342509013634
ZN,AGE,-0.5695373420992109
INDUS,AGE,0.6447785113552554
CHAS,AGE,0.0865177742545432
NOX,AGE,0.7314701037859592
RM,AGE,-0.2402649310477506
AGE,AGE,1.0
DIS,AGE,-0.747880540868632
RAD,AGE,0.4560224517516137
TAX,AGE,0.5064555935507051
PTRATIO,AGE,0.2615150116719584
B,AGE,-0.273533976638513
LSTAT,AGE,0.6023385287262395
PRICE,AGE,-0.3769545650045961
YEAR,AGE,0.0443590294213797
PRICE_ADJ,AGE,-0.3619864712625426
PREDICTED_PRICE,AGE,-0.4239535482462037
CRIM,DIS,-0.3796700869510246
ZN,DIS,0.6644082227621105
INDUS,DIS,-0.7080269887427675
CHAS,DIS,-0.0991757801747279
NOX,DIS,-0.7692301132258282
RM,DIS,0.2052462129300541
AGE,DIS,-0.747880540868632
DIS,DIS,1.0
RAD,DIS,-0.4945879296720758
TAX,DIS,-0.5344315844084577
PTRATIO,DIS,-0.2324705424082582
B,DIS,0.2915116731330399
LSTAT,DIS,-0.4969958308636848
PRICE,DIS,0.249928734085904
YEAR,DIS,-0.0003795284927999
PRICE_ADJ,DIS,0.2487636704675359
PREDICTED_PRICE,DIS,0.2811206877933672
CRIM,RAD,0.6255051452626024
ZN,RAD,-0.3119478260185367
INDUS,RAD,0.5951292746038485
CHAS,RAD,-0.0073682408860775
NOX,RAD,0.6114405634855762
RM,RAD,-0.2098466677661083
AGE,RAD,0.4560224517516137
DIS,RAD,-0.4945879296720758
RAD,RAD,1.0
TAX,RAD,0.9102281885331864
PTRATIO,RAD,0.4647411785030605
B,RAD,-0.4444128155751258
LSTAT,RAD,0.4886763349750666
PRICE,RAD,-0.3816262306397773
YEAR,RAD,-0.0254321058375519
PRICE_ADJ,RAD,-0.3886309789810452
PREDICTED_PRICE,RAD,-0.4606746289371847
CRIM,TAX,0.5827643120325854
ZN,TAX,-0.3145633246775997
INDUS,TAX,0.7207601799515422
CHAS,TAX,-0.0355865175859114
NOX,TAX,0.6680232004030217
RM,TAX,-0.2920478326232189
AGE,TAX,0.5064555935507051
DIS,TAX,-0.5344315844084577
RAD,TAX,0.9102281885331864
TAX,TAX,1.0
PTRATIO,TAX,0.4608530350656702
B,TAX,-0.4418080067228142
LSTAT,TAX,0.5439934120015698
PRICE,TAX,-0.4685359335677667
YEAR,TAX,-0.0198911618196072
PRICE_ADJ,TAX,-0.4711107680044617
PREDICTED_PRICE,TAX,-0.5491024705480767
CRIM,PTRATIO,0.2899455792795226
ZN,PTRATIO,-0.3916785479362161
INDUS,PTRATIO,0.3832475564288893
CHAS,PTRATIO,-0.1215151736580622
NOX,PTRATIO,0.1889326771127688
RM,PTRATIO,-0.3555014945590852
AGE,PTRATIO,0.2615150116719584
DIS,PTRATIO,-0.2324705424082582
RAD,PTRATIO,0.4647411785030605
TAX,PTRATIO,0.4608530350656702
PTRATIO,PTRATIO,1.0
B,PTRATIO,-0.1773833023052333
LSTAT,PTRATIO,0.3740443167146772
PRICE,PTRATIO,-0.5077866855375623
YEAR,PTRATIO,0.0104644886551458
PRICE_ADJ,PTRATIO,-0.5036712708721484
PREDICTED_PRICE,PTRATIO,-0.5772033596458057
CRIM,B,-0.3850639419942239
ZN,B,0.1755203173828273
INDUS,B,-0.3569765351041928
CHAS,B,0.0487884849551664
NOX,B,-0.3800506377924
RM,B,0.1280686350925421
AGE,B,-0.273533976638513
DIS,B,0.2915116731330399
RAD,B,-0.4444128155751258
TAX,B,-0.4418080067228142
PTRATIO,B,-0.1773833023052333
B,B,1.0
LSTAT,B,-0.3660869016915966
PRICE,B,0.3334608196570662
YEAR,B,0.0953579243324176
PRICE_ADJ,B,0.330359587672911
PREDICTED_PRICE,B,0.4097521073194975
CRIM,LSTAT,0.4556214794479463
ZN,LSTAT,-0.4129945745270028
INDUS,LSTAT,0.603799716476621
CHAS,LSTAT,-0.0539292983756942
NOX,LSTAT,0.5908789208808451
RM,LSTAT,-0.6138082718663955
AGE,LSTAT,0.6023385287262395
DIS,LSTAT,-0.4969958308636848
RAD,LSTAT,0.4886763349750666
TAX,LSTAT,0.5439934120015698
PTRATIO,LSTAT,0.3740443167146772
B,LSTAT,-0.3660869016915966
LSTAT,LSTAT,1.0
PRICE,LSTAT,-0.7376627261740145
YEAR,LSTAT,0.0219939212545129
PRICE_ADJ,LSTAT,-0.7276409574303726
PREDICTED_PRICE,LSTAT,-0.8612424341803028
CRIM,PRICE,-0.3883046085868115
ZN,PRICE,0.3604453424505433
INDUS,PRICE,-0.4837251600283727
CHAS,PRICE,0.1752601771902986
NOX,PRICE,-0.427320772373282
RM,PRICE,0.6953599470715401
AGE,PRICE,-0.3769545650045961
DIS,PRICE,0.249928734085904
RAD,PRICE,-0.3816262306397773
TAX,PRICE,-0.4685359335677667
PTRATIO,PRICE,-0.5077866855375623
B,PRICE,0.3334608196570662
LSTAT,PRICE,-0.7376627261740145
PRICE,PRICE,1.0
YEAR,PRICE,-0.0350753483190383
PRICE_ADJ,PRICE,0.975093075558355
PREDICTED_PRICE,PRICE,0.8579621303908412
CRIM,YEAR,-0.0282141315853622
ZN,YEAR,0.0221229820009371
INDUS,YEAR,0.0238170320082409
CHAS,YEAR,0.0254124139632063
NOX,YEAR,0.0059787286269049
RM,YEAR,-0.0358712616824629
AGE,YEAR,0.0443590294213797
DIS,YEAR,-0.0003795284927999
RAD,YEAR,-0.0254321058375519
TAX,YEAR,-0.0198911618196072
PTRATIO,YEAR,0.0104644886551458
B,YEAR,0.0953579243324176
LSTAT,YEAR,0.0219939212545129
PRICE,YEAR,-0.0350753483190383
YEAR,YEAR,1.0
PRICE_ADJ,YEAR,-1.0508676285709552e-14
PREDICTED_PRICE,YEAR,-0.0381592611409627
CRIM,PRICE_ADJ,-0.3962121973345248
ZN,PRICE_ADJ,0.3469041368078245
INDUS,PRICE_ADJ,-0.4751539886170401
CHAS,PRICE_ADJ,0.1777034788314727
NOX,PRICE_ADJ,-0.4123076353977265
RM,PRICE_ADJ,0.681663155931647
AGE,PRICE_ADJ,-0.3619864712625426
DIS,PRICE_ADJ,0.2487636704675359
RAD,PRICE_ADJ,-0.3886309789810452
TAX,PRICE_ADJ,-0.4711107680044617
PTRATIO,PRICE_ADJ,-0.5036712708721484
B,PRICE_ADJ,0.330359587672911
LSTAT,PRICE_ADJ,-0.7276409574303726
PRICE,PRICE_ADJ,0.975093075558355
YEAR,PRICE_ADJ,-1.0508676285709552e-14
PRICE_ADJ,PRICE_ADJ,1.0
PREDICTED_PRICE,PRICE_ADJ,0.8423876587057767
CRIM,PREDICTED_PRICE,-0.4786556435573618
ZN,PREDICTED_PRICE,0.3748617474958762
INDUS,PREDICTED_PRICE,-0.5397420546474675
CHAS,PREDICTED_PRICE,0.2033012563348209
NOX,PREDICTED_PRICE,-0.4765876749784406
RM,PREDICTED_PRICE,0.8185021373249264
AGE,PREDICTED_PRICE,-0.4239535482462037
DIS,PREDICTED_PRICE,0.2811206877933672
RAD,PREDICTED_PRICE,-0.4606746289371847
TAX,PREDICTED_PRICE,-0.5491024705480767
PTRATIO,PREDICTED_PRICE,-0.5772033596458057
B,PREDICTED_PRICE,0.4097521073194975
LSTAT,PREDICTED_PRICE,-0.8612424341803028
PRICE,PREDICTED_PRICE,0.8579621303908412
YEAR,PREDICTED_PRICE,-0.0381592611409627
PRICE_ADJ,PREDICTED_PRICE,0.8423876587057767
PREDICTED_PRICE,PREDICTED_PRICE,1.0
